
id_entreprise,id_secteur,nom_entreprise,taille,categorie,nom_normalise,nb_inconnu
1,1,Devoteam,De 1 001 à 5 000 employés,Grande entreprise,devoteam,0
2,2,CEGID,De 1 001 à 5 000 employés,Grande entreprise,cegid,0
3,1,Astek,De 1 001 à 5 000 employés,Grande entreprise,astek,0
4,3,Astek Group,De 1 à 50 employés,TPE,astek group,0
5,1,Keyrus Group,De 1 001 à 5 000 employés,Grande entreprise,keyrus group,0
6,4,Yongzhi Plastic Electronics (Shenzhen) Co.,Entre 201 et 500 employés,ETI,yongzhi plastic electronics shenzhen co,0
7,5,Thales,Plus de 10 000 employés,Multinationale,thales,0
8,6,Thales-Raytheon Systems,De 501 à 1 000 employés,Moyenne entreprise,thales raytheon systems,0
9,7,L&T Thales Technology Services,Inconnu,Inconnu,l t thales technology services,2
10,1,JEMS Group,Entre 201 et 500 employés,ETI,jems group,0
11,2,Capgemini,Plus de 10 000 employés,Multinationale,capgemini,0
12,8,Capgemini Invent,De 5 001 à 10 000 employés,Très grande entreprise,capgemini invent,0
13,9,Bayer,Plus de 10 000 employés,Multinationale,bayer,0
14,10,Open,De 1 001 à 5 000 employés,Grande entreprise,open,0
15,11,Open Minds Open Hearts Day Care,De 1 à 50 employés,TPE,open minds open hearts day care,0
16,2,OpenText,Plus de 10 000 employés,Multinationale,opentext,0
17,12,Open Sourcing,De 1 à 50 employés,TPE,open sourcing,0
18,13,Artefact,De 501 à 1 000 employés,Moyenne entreprise,artefact,0
19,13,Artefact Group,De 51 à 200 employés,PME,artefact group,0
20,11,Artefacts Studio,De 1 à 50 employés,TPE,artefacts studio,0
21,11,Openfield Live,De 1 à 50 employés,TPE,openfield live,0
22,12,Phaidon International,De 501 à 1 000 employés,Moyenne entreprise,phaidon international,0
23,13,D2SI,De 51 à 200 employés,PME,d2si,0
24,13,Abaka,De 1 à 50 employés,TPE,abaka,0
25,11,Adthink-Media,De 51 à 200 employés,PME,adthink media,0
26,4,SKF,Plus de 10 000 employés,Multinationale,skf,0
27,14,GFI,De 51 à 200 employés,PME,gfi,0
28,1,Gfi Informatique,Plus de 10 000 employés,Multinationale,gfi informatique,0
29,15,GFI Software,De 51 à 200 employés,PME,gfi software,0
30,16,GFI Group,De 1 001 à 5 000 employés,Grande entreprise,gfi group,0
31,2,ACCEO Solutions,De 501 à 1 000 employés,Moyenne entreprise,acceo solutions,0
32,1,Expertime,De 51 à 200 employés,PME,expertime,0
33,17,Accor,Plus de 10 000 employés,Multinationale,accor,0
34,18,ibis,Plus de 10 000 employés,Multinationale,ibis,0
35,19,La Redoute,De 1 001 à 5 000 employés,Grande entreprise,la redoute,0
37,20,Veolia,Plus de 10 000 employés,Multinationale,veolia,0
38,18,OTV,Plus de 10 000 employés,Multinationale,otv,0
39,7,Veolia Water Tech,Inconnu,Inconnu,veolia water tech,2
40,11,Groupe NICOLLIN - Groupe VEOLIA,Inconnu,Inconnu,groupe nicollin groupe veolia,2
41,11,Adsearch,De 51 à 200 employés,PME,adsearch,0
42,6,Transdev,Plus de 10 000 employés,Multinationale,transdev,0
44,12,Groupe Adéquat,De 501 à 1 000 employés,Moyenne entreprise,groupe adéquat,0
45,11,Multimedia France Productions,De 51 à 200 employés,PME,multimedia france productions,0
46,18,Modis,De 5 001 à 10 000 employés,Très grande entreprise,modis,0
47,21,UK Ministry of Defence,Plus de 10 000 employés,Multinationale,uk ministry of defence,0
48,1,Smile Group,De 1 001 à 5 000 employés,Grande entreprise,smile group,0
49,1,Atos,Plus de 10 000 employés,Multinationale,atos,0
50,15,Cegedim,De 1 001 à 5 000 employés,Grande entreprise,cegedim,0
51,10,Groupe Creative,Entre 201 et 500 employés,ETI,groupe creative,0
52,12,Robert Half,Plus de 10 000 employés,Multinationale,robert half,0
53,22,Lacoste,De 5 001 à 10 000 employés,Très grande entreprise,lacoste,0
54,11,Lacoste Traiteur,De 51 à 200 employés,PME,lacoste traiteur,0
55,23,CGIAR,De 5 001 à 10 000 employés,Très grande entreprise,cgiar,0
56,24,Volvo Group,Plus de 10 000 employés,Multinationale,volvo group,0
57,24,Volvo Trucks,De 1 001 à 5 000 employés,Grande entreprise,volvo trucks,0
58,4,Volvo Cars,Plus de 10 000 employés,Multinationale,volvo cars,0
59,4,Volvo Construction Equipment,Entre 201 et 500 employés,ETI,volvo construction equipment,0
61,11,Volvo Information Technology,Inconnu,Inconnu,volvo information technology,2
62,27,Feu Vert,De 1 001 à 5 000 employés,Grande entreprise,feu vert,0
63,28,SeLoger,De 501 à 1 000 employés,Moyenne entreprise,seloger,0
64,4,CNH Industrial,Plus de 10 000 employés,Multinationale,cnh industrial,0
65,29,CNH Industrial Capital,Entre 201 et 500 employés,ETI,cnh industrial capital,0
66,11,SOTRAVO Filiale SOLOCAL GROUP,Inconnu,Inconnu,sotravo filiale solocal group,2
67,30,SoLocal Group,De 1 001 à 5 000 employés,Grande entreprise,solocal group,0
68,11,Morgan Philips Group,De 51 à 200 employés,PME,morgan philips group,0
69,12,Morgan Philips Executive Search,Entre 201 et 500 employés,ETI,morgan philips executive search,0
70,12,Montreal Associates,De 51 à 200 employés,PME,montreal associates,0
73,11,Atos Consulting,De 1 001 à 5 000 employés,Grande entreprise,atos consulting,0
74,31,STM,De 5 001 à 10 000 employés,Très grande entreprise,stm,0
83,32,Polytechnique Montréal,De 1 001 à 5 000 employés,Grande entreprise,polytechnique montréal,0
90,33,BMO Financial Group,Plus de 10 000 employés,Multinationale,bmo financial group,0
97,32,Concordia University,De 5 001 à 10 000 employés,Très grande entreprise,concordia university,0
106,32,University of Montreal,De 5 001 à 10 000 employés,Très grande entreprise,university of montreal,0
113,34,CRIM (Computer Research Institute of Montreal),Inconnu,Inconnu,crim computer research institute of montreal,2
121,14,Eidos Montreal,Entre 201 et 500 employés,ETI,eidos montreal,0
126,11,ALTRAN,Inconnu,Inconnu,altran,2
129,15,Softeam,De 501 à 1 000 employés,Moyenne entreprise,softeam,0
132,11,Altran Telnet,Inconnu,Inconnu,altran telnet,2
136,15,NVIDIA,Plus de 10 000 employés,Multinationale,nvidia,0
144,1,2S2I Solutions & Services,De 51 à 200 employés,PME,2s2i solutions services,0
150,11,CALIDA Group,Inconnu,Inconnu,calida group,2
151,1,Atos-Syntel,Plus de 10 000 employés,Multinationale,atos syntel,0
156,11,ALTRAD Group,De 1 001 à 5 000 employés,Grande entreprise,altrad group,0
163,11,Sanofi Pasteur,Inconnu,Inconnu,sanofi pasteur,2
170,35,Altran Engineering Solution,De 501 à 1 000 employés,Moyenne entreprise,altran engineering solution,0
171,11,Crédit Agricole,Inconnu,Inconnu,crédit agricole,2
178,8,Altran North America,Plus de 10 000 employés,Multinationale,altran north america,0
181,11,Mixt Composites Recyclables,Inconnu,Inconnu,mixt composites recyclables,2
193,35,Sephora,Plus de 10 000 employés,Multinationale,sephora,0
200,19,LVMH,Plus de 10 000 employés,Multinationale,lvmh,0
209,20,Statkraft AS,Entre 201 et 500 employés,ETI,statkraft as,0
213,2,Sparklane,De 1 à 50 employés,TPE,sparklane,0
220,3,Atos Medical,De 51 à 200 employés,PME,atos medical,0
221,18,Manpower,De 5 001 à 10 000 employés,Très grande entreprise,manpower,0
225,9,ITS,De 1 à 50 employés,TPE,its,0
226,1,ITS Group,De 1 001 à 5 000 employés,Grande entreprise,its group,0
227,34,Loria,De 501 à 1 000 employés,Moyenne entreprise,loria,0
228,36,ITS Overlap,Entre 201 et 500 employés,ETI,its overlap,0
229,18,Canon ITS,Entre 201 et 500 employés,ETI,canon its,0
230,1,Groupe SII,De 1 001 à 5 000 employés,Grande entreprise,groupe sii,0
231,1,Sii Poland,De 1 001 à 5 000 employés,Grande entreprise,sii poland,0
232,11,cerema,De 1 001 à 5 000 employés,Grande entreprise,cerema,0
233,11,Paris Inn Group,De 501 à 1 000 employés,Moyenne entreprise,paris inn group,0
234,15,Dassault Systemes,Plus de 10 000 employés,Multinationale,dassault systemes,0
235,11,Groupe Altice Média,De 501 à 1 000 employés,Moyenne entreprise,groupe altice média,0
237,13,Logware,Entre 201 et 500 employés,ETI,logware,0
238,33,Fortuneo SA,Entre 201 et 500 employés,ETI,fortuneo sa,0
239,37,Teads,De 501 à 1 000 employés,Moyenne entreprise,teads,0
240,15,Datadog,De 1 001 à 5 000 employés,Grande entreprise,datadog,0
241,38,CELINE,De 1 001 à 5 000 employés,Grande entreprise,celine,0
242,18,SolidWorks,De 501 à 1 000 employés,Moyenne entreprise,solidworks,0
243,18,Les Echos,Entre 201 et 500 employés,ETI,les echos,0
244,18,Kendo,Entre 201 et 500 employés,ETI,kendo,0
245,9,Sanofi,Plus de 10 000 employés,Multinationale,sanofi,0
247,39,Merial,De 1 001 à 5 000 employés,Grande entreprise,merial,0
248,40,Groupe Crédit Agricole,De 5 001 à 10 000 employés,Très grande entreprise,groupe crédit agricole,0
249,33,Groupe Crédit Agricole du Maroc,De 501 à 1 000 employés,Moyenne entreprise,groupe crédit agricole du maroc,0
250,35,CACIB,De 5 001 à 10 000 employés,Très grande entreprise,cacib,0
251,11,Crédit Agricole d'Ile de France,De 1 001 à 5 000 employés,Grande entreprise,crédit agricole d ile de france,0
252,11,Crédit Agricole d'Aquitaine,De 1 001 à 5 000 employés,Grande entreprise,crédit agricole d aquitaine,0
254,15,Lectra,De 1 001 à 5 000 employés,Grande entreprise,lectra,0
255,1,Sopra Steria,Plus de 10 000 employés,Multinationale,sopra steria,0
256,18,Sopra Steria Recruitment,De 51 à 200 employés,PME,sopra steria recruitment,0
257,1,CITECH,De 51 à 200 employés,PME,citech,0
258,1,Group Adaming,De 501 à 1 000 employés,Moyenne entreprise,group adaming,0
259,13,Micropole,De 1 001 à 5 000 employés,Grande entreprise,micropole,0
260,11,alptis assurances,Entre 201 et 500 employés,ETI,alptis assurances,0
261,11,Plastic Omnium,1946,Autre,plastic omnium,0
